計算單位, mV
取樣頻率, 1000 Hz
Sec.(s), mV, pkg_NO
0.0,-0.2504254331683162,256
0.001,-0.7261370668316831,256
0.002,-1.123530321782178,256
0.003,-1.4919167698019797,256
0.004,-1.6340501237623755,256
0.005,-1.4774133663366333,256
0.006,-1.0423112623762372,256
0.007,-0.4621751237623758,256
0.008,0.13536509900990173,256
0.009,0.5994740099009909,256
0.01,1.0026686262376243,256
0.011,1.4174659653465354,256
0.012,1.6466197400990104,256
0.013,1.5944074876237633,256
0.014,1.2405244430693072,256
0.015,0.68649443069307,256
0.016,0.08895420792079252,256
0.017,-0.4505724009900989,256
0.018,-0.8798731435643558,256
0.019,-1.2627629950495047,256
0.02,-1.5615331064356428,256
0.021,-1.5934405940594054,256
0.022,-1.3149752475247516,256
0.023,-0.8537670173267322,256
0.024,-0.2533261138613858,256
0.025,0.34421410891089166,256
0.026,0.76771349009901,256
0.027,1.1738087871287137,256
0.028,1.5247911509901002,256
0.029,1.6582224628712872,256
0.03,1.4551748143564356,256
0.031,1.0432781559405941,256
0.032,0.43993657178217893,256
0.033,-0.14600092821782165,256
0.034,-0.618811881188118,256
0.035,-1.0365099009900987,256
0.036,-1.439704517326732,256
0.037,-1.6398514851485149,256
0.038,-1.5441290222772273,256
0.039,-1.1757425742574257,256
0.04,-0.6130105198019796,256
0.041,-0.0038675742574251566,256
0.042,0.5153542698019804,256
0.043,0.924350247524753,256
0.044,1.330445544554456,256
0.045,1.60601021039604,256
0.046,1.6089108910891097,256
0.047,1.3217435024752486,256
0.048,0.8054223391089111,256
0.049,0.2020807549504952,256
0.05,-0.36355198019801965,256
0.051,-0.8015547648514846,256
0.052,-1.1960473391089106,256
0.053,-1.5615331064356428,256
0.054,-1.6398514851485149,256
0.055,-1.4252011138613854,256
0.056,-0.9581915222772276,256
0.057,-0.35194925742574196,256
0.058,0.21368347772277288,256
0.059,0.6719910272277235,256
0.06,1.10419245049505,256
0.061,1.5015857054455448,256
0.062,1.6756265470297032,256
0.063,1.547996596534654,256
0.064,1.1564047029702975,256
0.065,0.5762685643564363,256
0.066,-0.04737778465346476,256
0.067,-0.5636989480198015,256
0.068,-0.9378867574257419,256
0.069,-1.3671874999999996,256
0.07,-1.6166460396039601,256
0.071,-1.5731358292079205,256
0.072,-1.2395575495049502,256
0.073,-0.7232363861386134,256
0.074,-0.1082920792079205,256
0.075,0.41673112623762437,256
0.076,0.8402305074257427,256
0.077,1.2579285272277234,256
0.078,1.5857054455445545,256
0.079,1.6350170173267333,256
0.08,1.3971612004950495,256
0.081,0.9098468440594065,256
0.082,0.332611386138614,256
0.083,-0.2620281559405939,256
0.084,-0.7116336633663365,256
0.085,-1.106126237623762,256
0.086,-1.5122215346534646,256
0.087,-1.6601562499999998,256
0.088,-1.4658106435643563,256
0.089,-1.0597153465346534,256
0.09,-0.4331683168316827,256
0.091,0.10635829207920865,256
0.092,0.6023746905940597,256
0.093,1.0229733910891092,256
0.094,1.4029625618811887,256
0.095,1.6176129331683171,256
0.096,1.571202042079208,256
0.097,1.1999149133663374,256
0.098,0.6545869430693074,256
0.099,0.04834467821782252,256
0.1,-0.4853805693069304,256
0.101,-0.90597926980198,256
0.102,-1.2656636757425737,256
0.103,-1.578937190594059,256
0.104,-1.607943997524752,256
0.105,-1.32367728960396,256
0.106,-0.8189588490099008,256
0.107,-0.2127165841584151,256
0.108,0.3616181930693071,256
0.109,0.7851175742574262,256
0.11,1.2028155940594067,256
0.111,1.5625000000000004,256
0.112,1.6843285891089121,256
0.113,1.4754795792079214,256
0.114,1.034576113861387,256
0.115,0.44863861386138626,256
0.116,-0.1489016089108905,256
0.117,-0.6391166460396037,256
0.118,-1.033609220297029,256
0.119,-1.436803836633663,256
0.12,-1.6427521658415836,256
0.121,-1.5267249381188113,256
0.122,-1.1380337252475246,256
0.123,-0.5927057549504946,256
0.124,0.004834467821782911,256
0.125,0.5240563118811886,256
0.126,0.9330522896039611,256
0.127,1.3362469059405953,256
0.128,1.6350170173267333,256
0.129,1.6437190594059405,256
0.13,1.3333462252475257,256
0.131,0.8141243811881193,256
0.132,0.19627939356435672,256
0.133,-0.3548499381188116,256
0.134,-0.787051361386138,256
0.135,-1.1757425742574257,256
0.136,-1.5354269801980194,256
0.137,-1.6166460396039601,256
0.138,-1.3932936262376237,256
0.139,-0.9436881188118811,256
0.14,-0.3432472153465339,256
0.141,0.251392326732674,256
0.142,0.677792388613862,256
0.143,1.0693842821782182,256
0.144,1.4812809405940606,256
0.145,1.6466197400990104,256
0.146,1.5276918316831685,256
0.147,1.1157951732673268,256
0.148,0.5472617574257431,256
0.149,-0.06768254950494976,256
0.15,-0.540493502475247,256
0.151,-0.9262840346534649,256
0.152,-1.349783415841584,256
0.153,-1.5934405940594054,256
0.154,-1.5528310643564356,256
0.155,-1.251160272277227,256
0.156,-0.7116336633663365,256
0.157,-0.1053913985148509,256
0.158,0.43703589108910934,256
0.159,0.8605352722772285,256
0.16,1.2840346534653468,256
0.161,1.6234142945544563,256
0.162,1.6582224628712872,256
0.163,1.4203666460396047,256
0.164,0.93595297029703,256
0.165,0.31520730198019864,256
0.166,-0.2852336014851478,256
0.167,-0.7232363861386134,256
0.168,-1.123530321782178,256
0.169,-1.5035194925742565,256
0.17,-1.6311494430693065,256
0.171,-1.4426051980198018,256
0.172,-1.033609220297029,256
0.173,-0.4331683168316827,256
0.174,0.14406714108910906,256
0.175,0.6400835396039608,256
0.176,1.0519801980198022,256
0.177,1.4464727722772284,256
0.178,1.6814279084158423,256
0.179,1.5857054455445545,256
0.18,1.223120358910891,256
0.181,0.6661896658415843,256
0.182,0.05994740099009945,256
0.183,-0.47377784653465277,256
0.184,-0.8856745049504948,256
0.185,-1.2888691212871284,256
0.186,-1.5905399133663358,256
0.187,-1.5905399133663358,256
0.188,-1.3120745668316829,256
0.189,-0.7986540841584157,256
0.19,-0.1924118193069301,256
0.191,0.3790222772277232,256
0.192,0.8141243811881193,256
0.193,1.2260210396039606,256
0.194,1.5741027227722775,256
0.195,1.666924504950496,256
0.196,1.4638768564356444,256
0.197,1.0084699876237626,256
0.198,0.4051284034653467,256
0.199,-0.18661045792079164,256
0.2,-0.6420173267326726,256
0.201,-1.0278078589108908,256
0.202,-1.4281017945544552,256
0.203,-1.6253480816831682,256
0.204,-1.5180228960396032,256
0.205,-1.1090269183168313,256
0.206,-0.549195544554455,256
0.207,0.05414603960396098,256
0.208,0.5704672029702977,256
0.209,0.9678604579207926,256
0.21,1.376856435643565,256
0.211,1.6466197400990104,256
0.212,1.6350170173267333,256
0.213,1.2956373762376239,256
0.214,0.8054223391089111,256
0.215,0.17597462871287173,256
0.216,-0.35775061881188047,256
0.217,-0.787051361386138,256
0.218,-1.1960473391089106,256
0.219,-1.538327660891089,256
0.22,-1.6253480816831682,256
0.221,-1.381690903465346,256
0.222,-0.9204826732673265,256
0.223,-0.3287438118811874,256
0.224,0.26299504950495095,256
0.225,0.7213025990099016,256
0.226,1.1012917698019804,256
0.227,1.4986850247524752,256
0.228,1.678527227722773,256
0.229,1.5334931930693074,256
0.23,1.10419245049505,256
0.231,0.5269569925742581,256
0.232,-0.07348391089108895,256
0.233,-0.5724009900990097,256
0.234,-0.9610922029702965,256
0.235,-1.3845915841584155,256
0.236,-1.6050433168316824,256
0.237,-1.5644337871287126,256
0.238,-1.1989480198019795,256
0.239,-0.6681234529702968,256
0.24,-0.04737778465346476,256
0.241,0.47184405940594093,256
0.242,0.9011448019801985,256
0.243,1.2811339727722773,256
0.244,1.6089108910891097,256
0.245,1.6524211014851493,256
0.246,1.4029625618811887,256
0.247,0.93595297029703,256
0.248,0.283299814356436,256
0.249,-0.2852336014851478,256
0.25,-0.7319384282178214,256
0.251,-1.1264310024752469,256
0.252,-1.509320853960396,256
0.253,-1.6398514851485149,256
0.254,-1.431002475247524,256
0.255,-0.9900990099009894,256
0.256,-0.43026763613861313,256
0.257,0.1614712252475252,256
0.258,0.6400835396039608,256
0.259,1.0432781559405941,256
0.26,1.466777537128714,256
0.261,1.6640238242574263,256
0.262,1.5973081683168329,256
0.263,1.223120358910891,256
0.264,0.6690903465346539,256
0.265,0.07735148514851559,256
0.266,-0.4505724009900989,256
0.267,-0.8624690594059403,256
0.268,-1.2685643564356432,256
0.269,-1.5731358292079205,256
0.27,-1.5644337871287126,256
0.271,-1.271465037128712,256
0.272,-0.77834931930693,256
0.273,-0.1692063737623755,256
0.274,0.3645188737623767,256
0.275,0.7967202970297032,256
0.276,1.19121287128713,256
0.277,1.5857054455445545,256
0.278,1.6495204207920797,256
0.279,1.4464727722772284,256
0.28,1.0055693069306937,256
0.281,0.41673112623762437,256
0.282,-0.18080909653465316,256
0.283,-0.6710241336633658,256
0.284,-1.0626160272277223,256
0.285,-1.431002475247524,256
0.286,-1.6224474009900984,256
0.287,-1.4890160891089104,256
0.288,-1.1177289603960394,256
0.289,-0.5665996287128712,256
0.29,0.05704672029702985,256
0.291,0.5646658415841586,256
0.292,0.9707611386138615,256
0.293,1.382657797029703,256
0.294,1.6553217821782191,256
0.295,1.6321163366336637,256
0.296,1.2753326113861396,256
0.297,0.7764155321782181,256
0.298,0.19337871287128788,256
0.299,-0.3983601485148512,256
0.3,-0.8102568069306926,256
0.301,-1.2105507425742572,256
0.302,-1.549930383663366,256
0.303,-1.6108446782178216,256
0.304,-1.381690903465346,256
0.305,-0.8972772277227719,256
0.306,-0.32294245049504894,256
0.307,0.24849164603960439,256
0.308,0.7242032797029704,256
0.309,1.1128944925742579,256
0.31,1.5160891089108914,256
0.311,1.678527227722773,256
0.312,1.5334931930693074,256
0.313,1.1506033415841592,256
0.314,0.55886448019802,256
0.315,-0.041576423267326294,256
0.316,-0.5259900990099003,256
0.317,-0.9581915222772276,256
0.318,-1.3642868193069306,256
0.319,-1.599241955445544,256
0.32,-1.5354269801980194,256
0.321,-1.2250541460396038,256
0.322,-0.6681234529702968,256
0.323,-0.06478186881188089,256
0.324,0.4805461014851489,256
0.325,0.9069461633663369,256
0.326,1.3072400990099022,256
0.327,1.6321163366336637,256
0.328,1.6466197400990104,256
0.329,1.3652537128712883,256
0.33,0.8808400371287134,256
0.331,0.271697091584159,256
0.332,-0.3026376856435639,256
0.333,-0.7319384282178214,256
0.334,-1.1206296410891083,256
0.335,-1.5064201732673264,256
0.336,-1.6398514851485149,256
0.337,-1.4513072400990097,256
0.338,-1.0278078589108908,256
0.339,-0.42736695544554426,256
0.34,0.17307394801980214,256
0.341,0.628480816831684,256
0.342,1.034576113861387,256
0.343,1.4290686881188122,256
0.344,1.6756265470297032,256
0.345,1.5683013613861398,256
0.346,1.2144183168316838,256
0.347,0.6429842202970304,256
0.348,0.05994740099009945,256
0.349,-0.48247988861386076,256
0.35,-0.9030785891089103,256
0.351,-1.3004718440594052,256
0.352,-1.5934405940594054,256
0.353,-1.6050433168316824,256
0.354,-1.32367728960396,256
0.355,-0.7957534034653461,256
0.356,-0.19531249999999972,256
0.357,0.3790222772277232,256
0.358,0.7880182549504957,256
0.359,1.1999149133663374,256
0.36,1.577003403465347,256
0.361,1.6698251856435655,256
0.362,1.4522741336633673,256
0.363,1.0171720297029707,256
0.364,0.42833384900990124,256
0.365,-0.1750077351485147,256
0.366,-0.6681234529702968,256
0.367,-1.0655167079207917,256
0.368,-1.4542079207920786,256
0.369,-1.6688582920792077,256
0.37,-1.5354269801980194,256
0.371,-1.1554378094059399,256
0.372,-0.5724009900990097,256
0.373,0.036741955445544844,256
0.374,0.5269569925742581,256
0.375,0.9475556930693076,256
0.376,1.3449489480198025,256
0.377,1.60601021039604,256
0.378,1.5828047648514862,256
0.379,1.2840346534653468,256
0.38,0.7300046410891097,256
0.381,0.13246441831683212,256
0.382,-0.4186649133663362,256
0.383,-0.8247602103960392,256
0.384,-1.2337561881188117,256
0.385,-1.570235148514851,256
0.386,-1.6311494430693065,256
0.387,-1.3671874999999996,256
0.388,-0.8943765470297023,256
0.389,-0.3055383663366335,256
0.39,0.2687964108910894,256
0.391,0.718401918316832,256
0.392,1.1099938118811885,256
0.393,1.5015857054455448,256
0.394,1.6756265470297032,256
0.395,1.5044863861386146,256
0.396,1.0780863242574266,256
0.397,0.5153542698019804,256
0.398,-0.09088799504950437,256
0.399,-0.5985071163366331,256
0.4,-0.9784962871287126,256
0.401,-1.3932936262376237,256
0.402,-1.619546720297029,256
0.403,-1.5731358292079205,256
0.404,-1.2250541460396038,256
0.405,-0.6710241336633658,256
0.406,-0.05317914603960323,256
0.407,0.4631420173267328,256
0.408,0.8663366336633669,256
0.409,1.278233292079209,256
0.41,1.5828047648514862,256
0.411,1.6263149752475259,256
0.412,1.3739557549504957,256
0.413,0.8779393564356439,256
0.414,0.24849164603960439,256
0.415,-0.32004176980198007,256
0.416,-0.7261370668316831,256
0.417,-1.1554378094059399,256
0.418,-1.5122215346534646,256
0.419,-1.6340501237623755,256
0.42,-1.4542079207920786,256
0.421,-1.0278078589108908,256
0.422,-0.4476717202970293,256
0.423,0.15566986386138673,256
0.424,0.6197787747524758,256
0.425,1.0258740717821788,256
0.426,1.4348700495049513,256
0.427,1.6582224628712872,256
0.428,1.5508972772277236,256
0.429,1.1999149133663374,256
0.43,0.6255801361386143,256
0.431,0.05124535891089139,256
0.432,-0.4882812499999992,256
0.433,-0.9001779084158414,256
0.434,-1.3294786509900982,256
0.435,-1.6282487623762372,256
0.436,-1.6050433168316824,256
0.437,-1.291769801980198,256
0.438,-0.8073561262376231,256
0.439,-0.1721070544554451,256
0.44,0.3790222772277232,256
0.441,0.8025216584158423,256
0.442,1.1883121905940603,256
0.443,1.571202042079208,256
0.444,1.6640238242574263,256
0.445,1.4348700495049513,256
0.446,0.9678604579207926,256
0.447,0.38772431930693124,256
0.448,-0.20981590346534623,256
0.449,-0.6652227722772273,256
0.45,-1.0858214727722768,256
0.451,-1.4861154084158414,256
0.452,-1.636950804455445,256
0.453,-1.4919167698019797,256
0.454,-1.106126237623762,256
0.455,-0.5636989480198015,256
0.456,0.045443997524752915,256
0.457,0.5617651608910897,256
0.458,0.9707611386138615,256
0.459,1.4000618811881191,256
0.46,1.6495204207920797,256
0.461,1.6089108910891097,256
0.462,1.2811339727722773,256
0.463,0.7735148514851492,256
0.464,0.15857054455445557,256
0.465,-0.3983601485148512,256
0.466,-0.8421642945544553,256
0.467,-1.1989480198019795,256
0.468,-1.5441290222772273,256
0.469,-1.6166460396039601,256
0.47,-1.3874922648514845,256
0.471,-0.9088799504950488,256
0.472,-0.3055383663366335,256
0.473,0.24849164603960439,256
0.474,0.7009978341584165,256
0.475,1.1302985767326734,256
0.476,1.5131884282178218,256
0.477,1.6553217821782191,256
0.478,1.4870823019801982,256
0.479,1.0983910891089115,256
0.48,0.5037515470297035,256
0.481,-0.1053913985148509,256
0.482,-0.589805074257425,256
0.483,-0.9784962871287126,256
0.484,-1.3990949876237622,256
0.485,-1.6137453589108905,256
0.486,-1.541228341584158,256
0.487,-1.1699412128712865,256
0.488,-0.6565207301980192,256
0.489,-0.0618811881188113,256
0.49,0.45734065594059436,256
0.491,0.8779393564356439,256
0.492,1.2811339727722773,256
0.493,1.6031095297029707,256
0.494,1.6437190594059405,256
0.495,1.376856435643565,256
0.496,0.8547339108910892,256
0.497,0.27459777227722787,256
0.498,-0.3026376856435639,256
0.499,-0.7348391089108903,256
0.5,-1.1467357673267327,256
0.501,-1.4948174504950493,256
0.502,-1.6311494430693065,256
0.503,-1.436803836633663,256
0.504,-1.0162051361386137,256
0.505,-0.4360689975247523,256
0.506,0.1817759900990102,256
0.507,0.6603883044554458,256
0.508,1.0519801980198022,256
0.509,1.4551748143564356,256
0.51,1.6611231435643568,256
0.511,1.5625000000000004,256
0.512,1.1767094678217835,256
0.513,0.6342821782178223,256
0.514,0.04834467821782252,256
0.515,-0.47377784653465277,256
0.516,-0.8885751856435637,256
0.517,-1.291769801980198,256
0.518,-1.6108446782178216,256
0.519,-1.5963412747524752,256
0.52,-1.3178759282178214,256
0.521,-0.8044554455445542,256
0.522,-0.20401454207920777,256
0.523,0.3587175123762382,256
0.524,0.7996209777227727,256
0.525,1.220219678217823,256
0.526,1.577003403465347,256
0.527,1.678527227722773,256
0.528,1.460976175742575,256
0.529,1.0026686262376243,256
0.53,0.39642636138613935,256
0.531,-0.22721998762376167,256
0.532,-0.6623220915841577,256
0.533,-1.0771194306930687,256
0.534,-1.4716120049504948,256
0.535,-1.6340501237623755,256
0.536,-1.5180228960396032,256
0.537,-1.0974241955445536,256
0.538,-0.540493502475247,256
0.539,0.07155012376237638,256
0.54,0.5762685643564363,256
0.541,0.9794631806930695,256
0.542,1.379757116336635,256
0.543,1.6553217821782191,256
0.544,1.6437190594059405,256
0.545,1.3072400990099022,256
0.546,0.7706141707920797,256
0.547,0.17307394801980214,256
0.548,-0.3809560643564351,256
0.549,-0.8102568069306926,256
0.55,-1.2424582301980192,256
0.551,-1.570235148514851,256
0.552,-1.6224474009900984,256
0.553,-1.3758895420792074,256
0.554,-0.8943765470297023,256
0.555,-0.2765315594059405,256
0.556,0.2891011757425744,256
0.557,0.7329053217821786,256
0.558,1.14480198019802,256
0.559,1.5276918316831685,256
0.56,1.6698251856435655,256
0.561,1.5015857054455448,256
0.562,1.1012917698019804,256
0.563,0.5414603960396046,256
0.564,-0.07348391089108895,256
0.565,-0.5549969059405935,256
0.566,-0.9610922029702965,256
0.567,-1.3729888613861378,256
0.568,-1.6050433168316824,256
0.569,-1.538327660891089,256
0.57,-1.1699412128712865,256
0.571,-0.6304146039603957,256
0.572,-0.027073019801979757,256
0.573,0.4950495049504955,256
0.574,0.9214495668316834,256
0.575,1.3159421410891095,256
0.576,1.6176129331683171,256
0.577,1.6408183787128725,256
0.578,1.3913598391089117,256
0.579,0.8547339108910892,256
0.58,0.26589573019802054,256
0.581,-0.2939356435643558,256
0.582,-0.7493425123762368,256
0.583,-1.132232363861386,256
0.584,-1.520923576732673,256
0.585,-1.6137453589108905,256
0.586,-1.4252011138613854,256
0.587,-0.9900990099009894,256
0.588,-0.38965810643564314,256
0.589,0.19627939356435672,256
0.59,0.6661896658415843,256
0.591,1.0722849628712872,256
0.592,1.466777537128714,256
0.593,1.678527227722773,256
0.594,1.5566986386138615,256
0.595,1.1680074257425745,256
0.596,0.6139774133663374,256
0.597,-0.012569616336633224,256
0.598,-0.5027846534653458,256
0.599,-0.9088799504950488,256
0.6,-1.3178759282178214,256
0.601,-1.587639232673267,256
0.602,-1.5615331064356428,256
0.603,-1.2685643564356432,256
0.604,-0.746441831683168,256
0.605,-0.1721070544554451,256
0.606,0.4109297648514859,256
0.607,0.8170250618811888,256
0.608,1.2318224009901,256
0.609,1.5857054455445545,256
0.61,1.6553217821782191,256
0.611,1.4261680074257426,256
0.612,0.9736618193069311,256
0.613,0.35291615099009976,256
0.614,-0.22431930693069277,256
0.615,-0.6884282178217819,256
0.616,-1.053913985148514,256
0.617,-1.4455058787128707,256
0.618,-1.6253480816831682,256
0.619,-1.4716120049504948,256
0.62,-1.0887221534653464,256
0.621,-0.5230894183168315,256
0.622,0.07735148514851559,256
0.623,0.5617651608910897,256
0.624,0.9939665841584161,256
0.625,1.3942605198019815,256
0.626,1.6553217821782191,256
0.627,1.5741027227722775,256
0.628,1.2347230816831694,256
0.629,0.7009978341584165,256
0.63,0.11215965346534712,256
0.631,-0.4331683168316827,256
0.632,-0.8537670173267322,256
0.633,-1.2569616336633656,256
0.634,-1.5934405940594054,256
0.635,-1.6282487623762372,256
0.636,-1.341081373762376,256
0.637,-0.8711711014851484,256
0.638,-0.2678295173267324,256
0.639,0.3094059405940601,256
0.64,0.7445080445544562,256
0.641,1.1680074257425745,256
0.642,1.5392945544554466,256
0.643,1.6698251856435655,256
0.644,1.4870823019801982,256
0.645,1.06358292079208,256
0.646,0.47474474009901046,256
0.647,-0.1489016089108905,256
0.648,-0.618811881188118,256
0.649,-1.024907178217821,256
0.65,-1.4164990717821775,256
0.651,-1.6311494430693065,256
0.652,-1.5325262995049498,256
0.653,-1.1728418935643559,256
0.654,-0.618811881188118,256
0.655,-0.012569616336633224,256
0.656,0.509552908415842,256
0.657,0.9127475247524754,256
0.658,1.3101407797029703,256
0.659,1.6408183787128725,256
0.66,1.6408183787128725,256
0.661,1.359452351485149,256
0.662,0.8431311881188123,256
0.663,0.2252862004950498,256
0.664,-0.32294245049504894,256
0.665,-0.7609452351485145,256
0.666,-1.1728418935643559,256
0.667,-1.541228341584158,256
0.668,-1.6398514851485149,256
0.669,-1.4077970297029703,256
0.67,-0.9813969678217815,256
0.671,-0.3925587871287127,256
0.672,0.2049814356435648,256
0.673,0.6661896658415843,256
0.674,1.0548808787128718,256
0.675,1.4725788985148518,256
0.676,1.678527227722773,256
0.677,1.5421952351485149,256
0.678,1.1390006188118815,256
0.679,0.5965733292079212,256
0.68,0.004834467821782911,256
0.681,-0.5201887376237619,256
0.682,-0.9233833539603954,256
0.683,-1.3468827351485144,256
0.684,-1.6108446782178216,256
0.685,-1.570235148514851,256
0.686,-1.2627629950495047,256
0.687,-0.7493425123762368,256
0.688,-0.15760365099009857,256
0.689,0.41963180693069324,256
0.69,0.8199257425742578,256
0.691,1.2405244430693072,256
0.692,1.588606126237624,256
0.693,1.6814279084158423,256
0.694,1.4319693688118817,256
0.695,0.9794631806930695,256
0.696,0.37612159653465366,256
0.697,-0.20401454207920777,256
0.698,-0.6594214108910889,256
0.699,-1.0713180693069304,256
0.7,-1.4774133663366333,256
0.701,-1.636950804455445,256
0.702,-1.4745126856435637,256
0.703,-1.0626160272277223,256
0.704,-0.49118193069306887,256
0.705,0.08605352722772291,256
0.706,0.6081760519801981,256
0.707,1.0084699876237626,256
0.708,1.4261680074257426,256
0.709,1.6872292698019802,256
0.71,1.6089108910891097,256
0.711,1.278233292079209,256
0.712,0.718401918316832,256
0.713,0.12956373762376253,256
0.714,-0.43026763613861313,256
0.715,-0.8247602103960392,256
0.716,-1.2279548267326725,256
0.717,-1.5470297029702962,256
0.718,-1.5905399133663358,256
0.719,-1.352684096534653,256
0.72,-0.8479656559405937,256
0.721,-0.24752475247524736,256
0.722,0.3355120668316836,256
0.723,0.7735148514851492,256
0.724,1.1767094678217835,256
0.725,1.5508972772277236,256
0.726,1.678527227722773,256
0.727,1.495784344059407,256
0.728,1.06358292079208,256
0.729,0.47474474009901046,256
0.73,-0.14019956683168242,256
0.731,-0.6072091584158411,256
0.732,-1.0191058168316827,256
0.733,-1.4281017945544552,256
0.734,-1.6398514851485149,256
0.735,-1.5586324257425739,256
0.736,-1.1757425742574257,256
0.737,-0.6246132425742573,256
0.738,-0.015470297029702824,256
0.739,0.47474474009901046,256
0.74,0.904045482673268,256
0.741,1.2985380569306935,256
0.742,1.6205136138613867,256
0.743,1.6234142945544563,256
0.744,1.330445544554456,256
0.745,0.8315284653465354,256
0.746,0.23398824257425788,256
0.747,-0.33744585396039545,256
0.748,-0.787051361386138,256
0.749,-1.193146658415841,256
0.75,-1.5615331064356428,256
0.751,-1.6224474009900984,256
0.752,-1.4339031559405937,256
0.753,-0.955290841584158,256
0.754,-0.36935334158415817,256
0.755,0.19918007425742631,256
0.756,0.6603883044554458,256
0.757,1.075185643564357,256
0.758,1.4696782178217822,256
0.759,1.6611231435643568,256
0.76,1.5276918316831685,256
0.761,1.1302985767326734,256
0.762,0.5878712871287132,256
0.763,-0.01837097772277169,256
0.764,-0.4998839727722769,256
0.765,-0.914681311881188,256
0.766,-1.3352800123762376,256
0.767,-1.6108446782178216,256
0.768,-1.5818378712871286,256
0.769,-1.2801670792079203,256
0.77,-0.7435411509900984,256
0.771,-0.13729888613861357,256
0.772,0.4254331683168324,256
0.773,0.8402305074257427,256
0.774,1.260829207920793,256
0.775,1.600208849009901,256
0.776,1.6495204207920797,256
0.777,1.4261680074257426,256
0.778,0.9591584158415846,256
0.779,0.3355120668316836,256
0.78,-0.31133972772277196,256
0.781,-0.6768254950495043,256
0.782,-1.0974241955445536,256
0.783,-1.4861154084158414,256
0.784,-1.636950804455445,256
0.785,-1.4774133663366333,256
0.786,-1.0307085396039601,256
0.787,-0.4940826113861385,256
0.788,0.10345761138613906,256
0.789,0.6342821782178223,256
0.79,1.0287747524752475,256
0.791,1.4174659653465354,256
0.792,1.6553217821782191,256
0.793,1.5915068069306937,256
0.794,1.2521271658415842,256
0.795,0.7155012376237632,256
0.796,0.08605352722772291,256
0.797,-0.45637376237623734,256
0.798,-0.8682704207920788,256
0.799,-1.2743657178217818,256
0.8,-1.5963412747524752,256
0.801,-1.6253480816831682,256
0.802,-1.3381806930693063,256
0.803,-0.8595683787128707,256
0.804,-0.2504254331683162,256
0.805,0.3210086633663371,256
0.806,0.7706141707920797,256
0.807,1.1419012995049511,256
0.808,1.5566986386138615,256
0.809,1.6640238242574263,256
0.81,1.5015857054455448,256
0.811,1.075185643564357,256
0.812,0.5037515470297035,256
0.813,-0.11699412128712858,256
0.814,-0.6159112004950492,256
0.815,-1.0104037747524743,256
0.816,-1.4106977103960392,256
0.817,-1.619546720297029,256
0.818,-1.5122215346534646,256
0.819,-1.1583384900990095,256
0.82,-0.6333152846534646,256
0.821,-0.0386757425742567,256
0.822,0.49214882425742584,256
0.823,0.9185488861386145,256
0.824,1.3275448638613865,256
0.825,1.6379176980198027,256
0.826,1.60601021039604,256
0.827,1.3391475866336635,256
0.828,0.8170250618811888,256
0.829,0.19047803217821827,256
0.83,-0.36355198019801965,256
0.831,-0.8073561262376231,256
0.832,-1.2047493811881185,256
0.833,-1.5731358292079205,256
0.834,-1.648553527227722,256
0.835,-1.4339031559405937,256
0.836,-0.9436881188118811,256
0.837,-0.33744585396039545,256
0.838,0.24849164603960439,256
0.839,0.7067991955445551,256
0.84,1.1012917698019804,256
0.841,1.5044863861386146,256
0.842,1.666924504950496,256
0.843,1.5421952351485149,256
0.844,1.162206064356437,256
0.845,0.5762685643564363,256
0.846,-0.01837097772277169,256
0.847,-0.537592821782178,256
0.848,-0.9610922029702965,256
0.849,-1.370088180693069,256
0.85,-1.6166460396039601,256
0.851,-1.5760365099009894,256
0.852,-1.2453589108910887,256
0.853,-0.7290377475247519,256
0.854,-0.1256961633663359,256
0.855,0.4312345297029709,256
0.856,0.846031868811882,256
0.857,1.2579285272277234,256
0.858,1.5828047648514862,256
0.859,1.6611231435643568,256
0.86,1.4145652846534658,256
0.861,0.927250928217822,256
0.862,0.312306621287129,256
0.863,-0.24752475247524736,256
0.864,-0.7232363861386134,256
0.865,-1.1177289603960394,256
0.866,-1.5035194925742565,256
0.867,-1.6166460396039601,256
0.868,-1.468711324257425,256
0.869,-1.0133044554455441,256
0.87,-0.4679764851485143,256
0.871,0.14696782178217865,256
0.872,0.6255801361386143,256
0.873,1.0171720297029707,256
0.874,1.4232673267326745,256
0.875,1.6640238242574263,256
0.876,1.6089108910891097,256
0.877,1.2463258044554464,256
0.878,0.7067991955445551,256
0.879,0.10345761138613906,256
0.88,-0.4389696782178212,256
0.881,-0.8392636138613857,256
0.882,-1.2627629950495047,256
0.883,-1.5847385519801975,256
0.884,-1.6021426361386135,256
0.885,-1.3265779702970293,256
0.886,-0.8218595297029696,256
0.887,-0.19531249999999972,256
0.888,0.3645188737623767,256
0.889,0.7706141707920797,256
0.89,1.1883121905940603,256
0.891,1.559599319306931,256
0.892,1.6872292698019802,256
0.893,1.495784344059407,256
0.894,1.046178836633664,256
0.895,0.4515392945544559,256
0.896,-0.1314975247524751,256
0.897,-0.6159112004950492,256
0.898,-1.0017017326732671,256
0.899,-1.3845915841584155,256
0.9,-1.6050433168316824,256
0.901,-1.5064201732673264,256
0.902,-1.1177289603960394,256
0.903,-0.5724009900990097,256
0.904,0.04254331683168332,256
0.905,0.5385597153465351,256
0.906,0.9504563737623766,256
0.907,1.3855584777227727,256
0.908,1.6553217821782191,256
0.909,1.60601021039604,256
0.91,1.3159421410891095,256
0.911,0.7938196163366342,256
0.912,0.21658415841584172,256
0.913,-0.372254022277227,256
0.914,-0.8015547648514846,256
0.915,-1.1873452970297025,256
0.916,-1.5238242574257423,256
0.917,-1.6137453589108905,256
0.918,-1.3845915841584155,256
0.919,-0.9088799504950488,256
0.92,-0.3171410891089105,256
0.921,0.26589573019802054,256
0.922,0.7271039603960401,256
0.923,1.1273978960396045,256
0.924,1.5102877475247536,256
0.925,1.7017326732673268,256
0.926,1.547996596534654,256
0.927,1.1186958539603964,256
0.928,0.5414603960396046,256
0.929,-0.0618811881188113,256
0.93,-0.56950030940594,256
0.931,-0.9668935643564349,256
0.932,-1.3613861386138608,256
0.933,-1.6166460396039601,256
0.934,-1.5847385519801975,256
0.935,-1.2250541460396038,256
0.936,-0.7029316212871285,256
0.937,-0.07348391089108895,256
0.938,0.4428372524752478,256
0.939,0.8692373143564358,256
0.94,1.2869353341584164,256
0.941,1.6118115717821795,256
0.942,1.6553217821782191,256
0.943,1.388459158415842,256
0.944,0.8866413985148519,256
0.945,0.283299814356436,256
0.946,-0.29683632425742545,256
0.947,-0.7116336633663365,256
0.948,-1.132232363861386,256
0.949,-1.4803140470297027,256
0.95,-1.619546720297029,256
0.951,-1.4513072400990097,256
0.952,-1.0191058168316827,256
0.953,-0.45347308168316774,256
0.954,0.14696782178217865,256
0.955,0.6023746905940597,256
0.956,1.0113706683168324,256
0.957,1.4145652846534658,256
0.958,1.6437190594059405,256
0.959,1.5537979579207932,256
0.96,1.2028155940594067,256
0.961,0.6574876237623769,256
0.962,0.05414603960396098,256
0.963,-0.47377784653465277,256
0.964,-0.8914758663366333,256
0.965,-1.2830677599009896,256
0.966,-1.5847385519801975,256
0.967,-1.578937190594059,256
0.968,-1.3178759282178214,256
0.969,-0.8073561262376231,256
0.97,-0.20111386138613818,256
0.971,0.3674195544554463,256
0.972,0.7851175742574262,256
0.973,1.1854115099009908,256
0.974,1.559599319306931,256
0.975,1.6582224628712872,256
0.976,1.4551748143564356,256
0.977,1.0055693069306937,256
0.978,0.4109297648514859,256
0.979,-0.1750077351485147,256
0.98,-0.6507193688118807,256
0.981,-1.0481126237623757,256
0.982,-1.4455058787128707,256
0.983,-1.6340501237623755,256
0.984,-1.509320853960396,256
0.985,-1.132232363861386,256
0.986,-0.5985071163366331,256
0.987,0.04254331683168332,256
0.988,0.5559637995049512,256
0.989,0.9533570544554462,256
0.99,1.359452351485149,256
0.991,1.60601021039604,256
0.992,1.600208849009901,256
0.993,1.2840346534653468,256
0.994,0.7880182549504957,256
0.995,0.15566986386138673,256
0.996,-0.372254022277227,256
0.997,-0.8102568069306926,256
0.998,-1.222153465346534,256
0.999,-1.5644337871287126,256
1.0,-1.6253480816831682,256
1.001,-1.3729888613861378,256
1.002,-0.9175819925742569,256
1.003,-0.32004176980198007,256
1.004,0.27459777227722787,256
1.005,0.7038985148514855,256
1.006,1.1157951732673268,256
1.007,1.5044863861386146,256
1.008,1.6640238242574263,256
1.009,1.5392945544554466,256
1.01,1.1099938118811885,256
1.011,0.5269569925742581,256
1.012,-0.05027846534653436,256
1.013,-0.549195544554455,256
1.014,-0.955290841584158,256
1.015,-1.3439820544554448,256
1.016,-1.5905399133663358,256
1.017,-1.5354269801980194,256
1.018,-1.2250541460396038,256
1.019,-0.6594214108910889,256
1.02,-0.09959003712871244,256
1.021,0.4312345297029709,256
1.022,0.8518332301980204,256
1.023,1.2840346534653468,256
1.024,1.5973081683168329,256
1.025,1.629215655940594,256
1.026,1.388459158415842,256
1.027,0.89534344059406,256
1.028,0.2891011757425744,256
1.029,-0.27073019801980125,256
1.03,-0.7319384282178214,256
1.031,-1.1177289603960394,256
1.032,-1.5151222153465342,256
1.033,-1.6282487623762372,256
1.034,-1.439704517326732,256
1.035,-1.0162051361386137,256
1.036,-0.42156559405940575,256
1.037,0.16727258663366365,256
1.038,0.6545869430693074,256
1.039,1.0722849628712872,256
1.04,1.466777537128714,256
1.041,1.6901299504950498,256
1.042,1.5683013613861398,256
1.043,1.1970142326732676,256
1.044,0.6632889851485154,256
1.045,0.05704672029702985,256
1.046,-0.4592744430693062,256
1.047,-0.8798731435643558,256
1.048,-1.2888691212871284,256
1.049,-1.5934405940594054,256
1.05,-1.6253480816831682,256
1.051,-1.3120745668316829,256
1.052,-0.7986540841584157,256
1.053,-0.20401454207920777,256
1.054,0.3674195544554463,256
1.055,0.7793162128712877,256
1.056,1.1883121905940603,256
1.057,1.559599319306931,256
1.058,1.6495204207920797,256
1.059,1.4696782178217822,256
1.06,0.9881652227722777,256
1.061,0.40802908415841627,256
1.062,-0.18951113861386124,256
1.063,-0.6478186881188112,256
1.064,-1.0684173886138606,256
1.065,-1.4542079207920786,256
1.066,-1.648553527227722,256
1.067,-1.5238242574257423,256
1.068,-1.1380337252475246,256
1.069,-0.5753016707920785,256
1.07,0.03384127475247598,256
1.071,0.5385597153465351,256
1.072,0.9620590965346542,256
1.073,1.359452351485149,256
1.074,1.6524211014851493,256
1.075,1.6147122524752475,256
1.076,1.3014387376237628,256
1.077,0.7532100866336635,256
1.078,0.15276918316831714,256
1.079,-0.43026763613861313,256
1.08,-0.8624690594059403,256
1.081,-1.2453589108910887,256
1.082,-1.5934405940594054,256
1.083,-1.6543548886138613,256
1.084,-1.3961943069306926,256
1.085,-0.9291847153465345,256
1.086,-0.3345451732673266,256
1.087,0.251392326732674,256
1.088,0.7155012376237632,256
1.089,1.1215965346534662,256
1.09,1.5160891089108914,256
1.091,1.6756265470297032,256
1.092,1.5334931930693074,256
1.093,1.1099938118811885,256
1.094,0.5356590346534655,256
1.095,-0.0850866336633659,256
1.096,-0.5724009900990097,256
1.097,-0.9988010519801976,256
1.098,-1.3845915841584155,256
1.099,-1.6282487623762372,256
1.1,-1.5760365099009894,256
1.101,-1.2395575495049502,256
1.102,-0.6855275371287123,256
1.103,-0.07928527227722743,256
1.104,0.45734065594059436,256
1.105,0.8576345915841589,256
1.106,1.2724319306930698,256
1.107,1.6089108910891097,256
1.108,1.6234142945544563,256
1.109,1.3565516707920795,256
1.11,0.875038675742575,256
1.111,0.2687964108910894,256
1.112,-0.31424040841584083,256
1.113,-0.7232363861386134,256
1.114,-1.1438350866336628,256
1.115,-1.5267249381188113,256
1.116,-1.6166460396039601,256
1.117,-1.44840655940594,256
1.118,-1.0307085396039601,256
1.119,-0.4389696782178212,256
1.12,0.15857054455445557,256
1.121,0.6516862623762377,256
1.122,1.046178836633664,256
1.123,1.4348700495049513,256
1.124,1.6350170173267333,256
1.125,1.547996596534654,256
1.126,1.1709081064356441,256
1.127,0.6342821782178223,256
1.128,0.010635829207921377,256
1.129,-0.5143873762376234,256
1.13,-0.8972772277227719,256
1.131,-1.3062732054455444,256
1.132,-1.607943997524752,256
1.133,-1.599241955445544,256
1.134,-1.3178759282178214,256
1.135,-0.7812499999999996,256
1.136,-0.19531249999999972,256
1.137,0.35291615099009976,256
1.138,0.7967202970297032,256
1.139,1.1883121905940603,256
1.14,1.5508972772277236,256
1.141,1.666924504950496,256
1.142,1.4377707301980212,256
1.143,0.9765625000000007,256
1.144,0.3819229579207928,256
1.145,-0.22141862623762318,256
1.146,-0.6768254950495043,256
1.147,-1.0713180693069304,256
1.148,-1.4890160891089104,256
1.149,-1.6717589727722766,256
1.15,-1.5615331064356428,256
1.151,-1.1467357673267327,256
1.152,-0.5927057549504946,256
1.153,0.03384127475247598,256
1.154,0.5530631188118816,256
1.155,0.9330522896039611,256
1.156,1.3681543935643563,256
1.157,1.6321163366336637,256
1.158,1.6089108910891097,256
1.159,1.2840346534653468,256
1.16,0.7648128094059412,256
1.161,0.15566986386138673,256
1.162,-0.3838567450495046,256
1.163,-0.8189588490099008,256
1.164,-1.2482595915841581,256
1.165,-1.578937190594059,256
1.166,-1.6398514851485149,256
1.167,-1.381690903465346,256
1.168,-0.8972772277227719,256
1.169,-0.2939356435643558,256
1.17,0.29200185643564397,256
1.171,0.7067991955445551,256
1.172,1.1070931311881196,256
1.173,1.507387066831684,256
1.174,1.6553217821782191,256
1.175,1.4928836633663376,256
1.176,1.0896890470297036,256
1.177,0.5182549504950501,256
1.178,-0.0850866336633659,256
1.179,-0.5811030321782177,256
1.18,-1.004602413366336,256
1.181,-1.3990949876237622,256
1.182,-1.6224474009900984,256
1.183,-1.549930383663366,256
1.184,-1.2279548267326725,256
1.185,-0.7029316212871285,256
1.186,-0.07348391089108895,256
1.187,0.46024133663366396,256
1.188,0.8692373143564358,256
1.189,1.289836014851486,256
1.19,1.571202042079208,256
1.191,1.6321163366336637,256
1.192,1.35365099009901,256
1.193,0.8634359529702974,256
1.194,0.24269028465346595,256
1.195,-0.331644492574257,256
1.196,-0.7696472772277226,256
1.197,-1.1670405321782176,256
1.198,-1.538327660891089,256
1.199,-1.648553527227722,256
1.2,-1.4600092821782171,256
1.201,-1.0104037747524743,256
1.202,-0.42156559405940575,256
1.203,0.19337871287128788,256
1.204,0.6429842202970304,256
1.205,1.0432781559405941,256
1.206,1.4319693688118817,256
1.207,1.666924504950496,256
1.208,1.5799040841584169,256
1.209,1.1825108292079212,256
1.21,0.6429842202970304,256
1.211,0.022238551980198314,256
1.212,-0.5056853341584154,256
1.213,-0.8972772277227719,256
1.214,-1.3004718440594052,256
1.215,-1.5963412747524752,256
1.216,-1.5905399133663358,256
1.217,-1.2975711633663363,256
1.218,-0.7841506806930691,256
1.219,-0.18080909653465316,256
1.22,0.3732209158415848,256
1.221,0.8025216584158423,256
1.222,1.1970142326732676,256
1.223,1.5566986386138615,256
1.224,1.6582224628712872,256
1.225,1.4261680074257426,256
1.226,0.9562577351485151,256
1.227,0.3674195544554463,256
1.228,-0.2388227103960393,256
1.229,-0.6913288985148508,256
1.23,-1.0829207920792072,256
1.231,-1.4745126856435637,256
1.232,-1.665957611386138,256
1.233,-1.5325262995049498,256
1.234,-1.1293316831683162,256
1.235,-0.5753016707920785,256
1.236,0.036741955445544844,256
1.237,0.5385597153465351,256
1.238,0.9301516089108914,256
1.239,1.359452351485149,256
1.24,1.6234142945544563,256
1.241,1.5944074876237633,256
1.242,1.2869353341584164,256
1.243,0.7474087252475251,256
1.244,0.14696782178217865,256
1.245,-0.3867574257425735,256
1.246,-0.8276608910891088,256
1.247,-1.2337561881188117,256
1.248,-1.5847385519801975,256
1.249,-1.6253480816831682,256
1.25,-1.3671874999999996,256
1.251,-0.8856745049504948,256
1.252,-0.29683632425742545,256
1.253,0.2862004950495055,256
1.254,0.7213025990099016,256
1.255,1.1186958539603964,256
1.256,1.5131884282178218,256
1.257,1.6814279084158423,256
1.258,1.5131884282178218,256
1.259,1.0867883663366338,256
1.26,0.529857673267327,256
1.261,-0.11699412128712858,256
1.262,-0.6101098391089108,256
1.263,-1.022006497524752,256
1.264,-1.4164990717821775,256
1.265,-1.6427521658415836,256
1.266,-1.549930383663366,256
1.267,-1.1815439356435642,256
1.268,-0.6797261757425738,256
1.269,-0.05898050742574243,256
1.27,0.47474474009901046,256
1.271,0.89534344059406,256
1.272,1.2985380569306935,256
1.273,1.6176129331683171,256
1.274,1.6466197400990104,256
1.275,1.3565516707920795,256
1.276,0.8663366336633669,256
1.277,0.24849164603960439,256
1.278,-0.31424040841584083,256
1.279,-0.7522431930693065,256
1.28,-1.1583384900990095,256
1.281,-1.5180228960396032,256
1.282,-1.6543548886138613,256
1.283,-1.4513072400990097,256
1.284,-1.004602413366336,256
1.285,-0.4186649133663362,256
1.286,0.16727258663366365,256
1.287,0.6487855816831689,256
1.288,1.0374767945544556,256
1.289,1.4435720915841586,256
1.29,1.6727258663366336,256
1.291,1.5625000000000004,256
1.292,1.1738087871287137,256
1.293,0.6110767326732678,256
1.294,-0.012569616336633224,256
1.295,-0.5259900990099003,256
1.296,-0.9465887995049499,256
1.297,-1.3439820544554448,256
1.298,-1.6137453589108905,256
1.299,-1.6137453589108905,256
1.3,-1.3062732054455444,256
1.301,-0.766746596534653,256
1.302,-0.16340501237623703,256
1.303,0.39642636138613935,256
1.304,0.8141243811881193,256
1.305,1.2260210396039606,256
1.306,1.571202042079208,256
1.307,1.6437190594059405,256
1.308,1.4232673267326745,256
1.309,0.9388536509900997,256
1.31,0.34131342821782207,256
1.311,-0.2446240717821778,256
1.312,-0.7116336633663365,256
1.313,-1.1119275990099002,256
1.314,-1.4890160891089104,256
1.315,-1.6456528465346532,256
1.316,-1.5122215346534646,256
1.317,-1.0800201113861383,256
1.318,-0.5027846534653458,256
1.319,0.09765625000000058,256
1.32,0.5820699257425747,256
1.321,0.9852645420792081,256
1.322,1.379757116336635,256
1.323,1.6263149752475259,256
1.324,1.5799040841584169,256
1.325,1.2463258044554464,256
1.326,0.7445080445544562,256
1.327,0.11215965346534712,256
1.328,-0.4331683168316827,256
1.329,-0.8421642945544553,256
1.33,-1.2540609529702968,256
1.331,-1.6021426361386135,256
1.332,-1.6253480816831682,256
1.333,-1.3584854579207912,256
1.334,-0.8682704207920788,256
1.335,-0.25912747524752433,256
1.336,0.3094059405940601,256
1.337,0.7358060024752481,256
1.338,1.1360999381188126,256
1.339,1.5102877475247536,256
1.34,1.6379176980198027,256
1.341,1.4928836633663376,256
1.342,1.0490795173267333,256
1.343,0.468943378712872,256
1.344,-0.11699412128712858,256
1.345,-0.5956064356435642,256
1.346,-1.0075030940594059,256
1.347,-1.4135983910891086,256
1.348,-1.6427521658415836,256
1.349,-1.5470297029702962,256
1.35,-1.1960473391089106,256
1.351,-0.618811881188118,256
1.352,-0.024172339108910156,256
1.353,0.5066522277227724,256
1.354,0.9127475247524754,256
1.355,1.330445544554456,256
1.356,1.6118115717821795,256
1.357,1.6263149752475259,256
1.358,1.2956373762376239,256
1.359,0.8025216584158423,256
1.36,0.2049814356435648,256
1.361,-0.3548499381188116,256
1.362,-0.7812499999999996,256
1.363,-1.193146658415841,256
1.364,-1.5557317450495043,256
1.365,-1.6427521658415836,256
1.366,-1.4281017945544552,256
1.367,-0.9784962871287126,256
1.368,-0.41286355198019775,256
1.369,0.19627939356435672,256
1.37,0.6574876237623769,256
1.371,1.0548808787128718,256
1.372,1.4580754950495052,256
1.373,1.6524211014851493,256
1.374,1.5508972772277236,256
1.375,1.1477026608910894,256
1.376,0.5994740099009909,256
1.377,-0.02127165841584129,256
1.378,-0.5259900990099003,256
1.379,-0.9262840346534649,256
1.38,-1.3613861386138608,256
1.381,-1.636950804455445,256
1.382,-1.6050433168316824,256
1.383,-1.2888691212871284,256
1.384,-0.746441831683168,256
1.385,-0.1489016089108905,256
1.386,0.3790222772277232,256
1.387,0.8141243811881193,256
1.388,1.2318224009901,256
1.389,1.5741027227722775,256
1.39,1.6350170173267333,256
1.391,1.411664603960396,256
1.392,0.9388536509900997,256
1.393,0.34421410891089166,256
1.394,-0.22431930693069277,256
1.395,-0.69713025990099,256
1.396,-1.0887221534653464,256
1.397,-1.4977181311881183,256
1.398,-1.6456528465346532,256
1.399,-1.4890160891089104,256
1.4,-1.0974241955445536,256
1.401,-0.5230894183168315,256
1.402,0.07155012376237638,256
1.403,0.5704672029702977,256
1.404,1.0026686262376243,256
1.405,1.3942605198019815,256
1.406,1.6321163366336637,256
1.407,1.5654006806930703,256
1.408,1.211517636138614,256
1.409,0.7126005569306935,256
1.41,0.11215965346534712,256
1.411,-0.44187035891089077,256
1.412,-0.8508663366336626,256
1.413,-1.2627629950495047,256
1.414,-1.5963412747524752,256
1.415,-1.6108446782178216,256
1.416,-1.370088180693069,256
1.417,-0.8769724628712868,256
1.418,-0.2852336014851478,256
1.419,0.2891011757425744,256
1.42,0.7387066831683169,256
1.421,1.14480198019802,256
1.422,1.5392945544554466,256
1.423,1.6495204207920797,256
1.424,1.4928836633663376,256
1.425,1.0374767945544556,256
1.426,0.47764542079207933,256
1.427,-0.1256961633663359,256
1.428,-0.6275139232673261,256
1.429,-1.0423112623762372,256
1.43,-1.4252011138613854,256
1.431,-1.648553527227722,256
1.432,-1.541228341584158,256
1.433,-1.1583384900990095,256
1.434,-0.6043084777227715,256
1.435,0.007735148514851778,256
1.436,0.4950495049504955,256
1.437,0.9127475247524754,256
1.438,1.330445544554456,256
1.439,1.6118115717821795,256
1.44,1.6147122524752475,256
1.441,1.3101407797029703,256
1.442,0.7938196163366342,256
1.443,0.19918007425742631,256
1.444,-0.35775061881188047,256
1.445,-0.7928527227722765,256
1.446,-1.1873452970297025,256
1.447,-1.5325262995049498,256
1.448,-1.6224474009900984,256
1.449,-1.4164990717821775,256
1.45,-0.9581915222772276,256
1.451,-0.38965810643564314,256
1.452,0.21078279702970326,256
1.453,0.6661896658415843,256
1.454,1.0809870049504953,256
1.455,1.4754795792079214,256
1.456,1.666924504950496,256
1.457,1.5363938737623772,256
1.458,1.14480198019802,256
1.459,0.5849706064356442,256
1.46,-0.029973700495049358,256
1.461,-0.5317914603960389,256
1.462,-0.934986076732673,256
1.463,-1.3381806930693063,256
1.464,-1.6108446782178216,256
1.465,-1.570235148514851,256
1.466,-1.2453589108910887,256
1.467,-0.7261370668316831,256
1.468,-0.12279548267326702,256
1.469,0.4254331683168324,256
1.47,0.8634359529702974,256
1.471,1.2521271658415842,256
1.472,1.6147122524752475,256
1.473,1.6872292698019802,256
1.474,1.4174659653465354,256
1.475,0.9649597772277231,256
1.476,0.35291615099009976,256
1.477,-0.2388227103960393,256
1.478,-0.7029316212871285,256
1.479,-1.1119275990099002,256
1.48,-1.4919167698019797,256
1.481,-1.6340501237623755,256
1.482,-1.468711324257425,256
1.483,-1.053913985148514,256
1.484,-0.4853805693069304,256
1.485,0.10055693069306945,256
1.486,0.5936726485148516,256
1.487,0.9823638613861393,256
1.488,1.3971612004950495,256
1.489,1.6437190594059405,256
1.49,1.5915068069306937,256
1.491,1.2405244430693072,256
1.492,0.7155012376237632,256
1.493,0.074450804455446,256
1.494,-0.46507580445544544,256
1.495,-0.8856745049504948,256
1.496,-1.2859684405940586,256
1.497,-1.6137453589108905,256
1.498,-1.6282487623762372,256
1.499,-1.3758895420792074,256
1.5,-0.8914758663366333,256
1.501,-0.27073019801980125,256
1.502,0.2978032178217825,256
1.503,0.7329053217821786,256
1.504,1.1273978960396045,256
1.505,1.5334931930693074,256
1.506,1.6379176980198027,256
1.507,1.4812809405940606,256
1.508,1.0693842821782182,256
1.509,0.468943378712872,256
1.51,-0.1256961633663359,256
1.511,-0.6217125618811877,256
1.512,-1.0133044554455441,256
1.513,-1.4223004331683167,256
1.514,-1.6224474009900984,256
1.515,-1.5151222153465342,256
1.516,-1.1554378094059399,256
1.517,-0.6217125618811877,256
1.518,0.007735148514851778,256
1.519,0.500850866336634,256
1.52,0.9098468440594065,256
1.521,1.3217435024752486,256
1.522,1.6118115717821795,256
1.523,1.60601021039604,256
1.524,1.3159421410891095,256
1.525,0.8286277846534658,256
1.526,0.2078821163366344,256
1.527,-0.3345451732673266,256
1.528,-0.77834931930693,256
1.529,-1.1786432549504944,256
1.53,-1.538327660891089,256
1.531,-1.636950804455445,256
1.532,-1.4164990717821775,256
1.533,-0.9668935643564349,256
1.534,-0.3664526608910885,256
1.535,0.2078821163366344,256
1.536,0.6922957920792085,256
1.537,1.1128944925742579,256
1.538,1.4986850247524752,256
1.539,1.6814279084158423,256
1.54,1.5537979579207932,256
1.541,1.1564047029702975,256
1.542,0.5733678836633667,256
1.543,-0.03577506188118783,256
1.544,-0.5520962252475246,256
1.545,-0.9697942450495045,256
1.546,-1.349783415841584,256
1.547,-1.6166460396039601,256
1.548,-1.5847385519801975,256
1.549,-1.2598623143564351,256
1.55,-0.746441831683168,256
1.551,-0.15180228960396008,256
1.552,0.40802908415841627,256
1.553,0.846031868811882,256
1.554,1.2347230816831694,256
1.555,1.600208849009901,256
1.556,1.666924504950496,256
1.557,1.4029625618811887,256
1.558,0.9504563737623766,256
1.559,0.3500154702970301,256
1.56,-0.2185179455445543,256
1.561,-0.7145343440594054,256
1.562,-1.0974241955445536,256
1.563,-1.4890160891089104,256
1.564,-1.6427521658415836,256
1.565,-1.4716120049504948,256
1.566,-1.053913985148514,256
1.567,-0.49118193069306887,256
1.568,0.12376237623762407,256
1.569,0.5965733292079212,256
1.57,0.9939665841584161,256
1.571,1.4145652846534658,256
1.572,1.6466197400990104,256
1.573,1.5799040841584169,256
1.574,1.2405244430693072,256
1.575,0.7067991955445551,256
1.576,0.08605352722772291,256
1.577,-0.4505724009900989,256
1.578,-0.8769724628712868,256
1.579,-1.2888691212871284,256
1.58,-1.619546720297029,256
1.581,-1.6340501237623755,256
1.582,-1.3584854579207912,256
1.583,-0.8508663366336626,256
1.584,-0.2388227103960393,256
1.585,0.3384127475247532,256
1.586,0.7793162128712877,256
1.587,1.1709081064356441,256
1.588,1.5537979579207932,256
1.589,1.678527227722773,256
1.59,1.478380259900991,256
1.591,1.046178836633664,256
1.592,0.47474474009901046,256
1.593,-0.12279548267326702,256
1.594,-0.6217125618811877,256
1.595,-1.0307085396039601,256
1.596,-1.4164990717821775,256
1.597,-1.6253480816831682,256
1.598,-1.538327660891089,256
1.599,-1.1670405321782176,256
1.6,-0.6072091584158411,256
1.601,-0.02127165841584129,256
1.602,0.5066522277227724,256
1.603,0.927250928217822,256
1.604,1.3333462252475257,256
1.605,1.6263149752475259,256
1.606,1.6379176980198027,256
1.607,1.3391475866336635,256
1.608,0.8257271039603963,256
1.609,0.21658415841584172,256
1.61,-0.3345451732673266,256
1.611,-0.8073561262376231,256
1.612,-1.1960473391089106,256
1.613,-1.567334467821782,256
1.614,-1.6398514851485149,256
1.615,-1.4135983910891086,256
1.616,-0.9784962871287126,256
1.617,-0.3838567450495046,256
1.618,0.21948483910891134,256
1.619,0.6951964727722774,256
1.62,1.1215965346534662,256
1.621,1.5160891089108914,256
1.622,1.678527227722773,256
1.623,1.5537979579207932,256
1.624,1.1506033415841592,256
1.625,0.5617651608910897,256
1.626,-0.032874381188118224,256
1.627,-0.540493502475247,256
1.628,-0.9581915222772276,256
1.629,-1.3758895420792074,256
1.63,-1.6282487623762372,256
1.631,-1.5905399133663358,256
1.632,-1.2656636757425737,256
1.633,-0.7232363861386134,256
1.634,-0.11989480198019743,256
1.635,0.4138304455445548,256
1.636,0.8692373143564358,256
1.637,1.260829207920793,256
1.638,1.6031095297029707,256
1.639,1.6553217821782191,256
1.64,1.3971612004950495,256
1.641,0.9098468440594065,256
1.642,0.3384127475247532,256
1.643,-0.2504254331683162,256
1.644,-0.7029316212871285,256
1.645,-1.1003248762376232,256
1.646,-1.4890160891089104,256
1.647,-1.6311494430693065,256
1.648,-1.4948174504950493,256
1.649,-1.0713180693069304,256
1.65,-0.4795792079207919,256
1.651,0.09765625000000058,256
1.652,0.6023746905940597,256
1.653,0.9910659034653472,256
1.654,1.4000618811881191,256
1.655,1.6408183787128725,256
1.656,1.6089108910891097,256
1.657,1.2521271658415842,256
1.658,0.7038985148514855,256
1.659,0.10925897277227752,256
1.66,-0.42736695544554426,256
1.661,-0.8740717821782172,256
1.662,-1.2859684405940586,256
1.663,-1.6021426361386135,256
1.664,-1.6311494430693065,256
1.665,-1.3613861386138608,256
1.666,-0.8508663366336626,256
1.667,-0.22431930693069277,256
1.668,0.3500154702970301,256
1.669,0.7909189356435646,256
1.67,1.1738087871287137,256
1.671,1.5421952351485149,256
1.672,1.6495204207920797,256
1.673,1.478380259900991,256
1.674,1.0548808787128718,256
1.675,0.44573793316831745,256
1.676,-0.11989480198019743,256
1.677,-0.6159112004950492,256
1.678,-0.9988010519801976,256
1.679,-1.4019956683168309,256
1.68,-1.6398514851485149,256
1.681,-1.5470297029702962,256
1.682,-1.190245977722772,256
1.683,-0.6333152846534646,256
1.684,-0.029973700495049358,256
1.685,0.489248143564357,256
1.686,0.9069461633663369,256
1.687,1.3043394183168326,256
1.688,1.6147122524752475,256
1.689,1.6118115717821795,256
1.69,1.3362469059405953,256
1.691,0.8228264232673274,256
1.692,0.22238551980198093,256
1.693,-0.33744585396039545,256
1.694,-0.7725479579207915,256
1.695,-1.1815439356435642,256
1.696,-1.5296256188118809,256
1.697,-1.6166460396039601,256
1.698,-1.4077970297029703,256
1.699,-0.9523901608910883,256
1.7,-0.35194925742574196,256
1.701,0.23398824257425788,256
1.702,0.6806930693069309,256
1.703,1.1012917698019804,256
1.704,1.4986850247524752,256
1.705,1.6524211014851493,256
1.706,1.5392945544554466,256
1.707,1.1302985767326734,256
1.708,0.5849706064356442,256
1.709,-0.015470297029702824,256
1.71,-0.5201887376237619,256
1.711,-0.9204826732673265,256
1.712,-1.3584854579207912,256
1.713,-1.636950804455445,256
1.714,-1.607943997524752,256
1.715,-1.2772663985148514,256
1.716,-0.7609452351485145,256
1.717,-0.1489016089108905,256
1.718,0.4138304455445548,256
1.719,0.8373298267326739,256
1.72,1.2463258044554464,256
1.721,1.5915068069306937,256
1.722,1.6495204207920797,256
1.723,1.4261680074257426,256
1.724,0.9591584158415846,256
1.725,0.34131342821782207,256
1.726,-0.2504254331683162,256
1.727,-0.7058323019801972,256
1.728,-1.0887221534653464,256
1.729,-1.4861154084158414,256
1.73,-1.6427521658415836,256
1.731,-1.4774133663366333,256
1.732,-1.0800201113861383,256
1.733,-0.5230894183168315,256
1.734,0.10055693069306945,256
1.735,0.5704672029702977,256
1.736,0.9881652227722777,256
1.737,1.3942605198019815,256
1.738,1.6553217821782191,256
1.739,1.5828047648514862,256
1.74,1.243425123762377,256
1.741,0.7038985148514855,256
1.742,0.06284808168316905,256
1.743,-0.4505724009900989,256
1.744,-0.8624690594059403,256
1.745,-1.2685643564356432,256
1.746,-1.599241955445544,256
1.747,-1.6166460396039601,256
1.748,-1.3439820544554448,256
1.749,-0.8392636138613857,256
1.75,-0.2504254331683162,256
1.751,0.34421410891089166,256
1.752,0.7735148514851492,256
1.753,1.1680074257425745,256
1.754,1.5363938737623772,256
1.755,1.6524211014851493,256
1.756,1.489982982673268,256
1.757,1.0490795173267333,256
1.758,0.468943378712872,256
1.759,-0.1314975247524751,256
1.76,-0.6159112004950492,256
1.761,-1.0075030940594059,256
1.762,-1.3961943069306926,256
1.763,-1.6166460396039601,256
1.764,-1.5267249381188113,256
1.765,-1.1554378094059399,256
1.766,-0.6101098391089108,256
1.767,-0.0009668935643562892,256
1.768,0.5037515470297035,256
1.769,0.904045482673268,256
1.77,1.3188428217821793,256
1.771,1.60601021039604,256
1.772,1.6234142945544563,256
1.773,1.3043394183168326,256
1.774,0.8141243811881193,256
1.775,0.19047803217821827,256
1.776,-0.35775061881188047,256
1.777,-0.8015547648514846,256
1.778,-1.1960473391089106,256
1.779,-1.549930383663366,256
1.78,-1.6601562499999998,256
1.781,-1.4426051980198018,256
1.782,-0.9871983292079206,256
1.783,-0.40126082920792006,256
1.784,0.18757735148514865,256
1.785,0.6400835396039608,256
1.786,1.0142713490099013,256
1.787,1.4464727722772284,256
1.788,1.60601021039604,256
1.789,1.4928836633663376,256
1.79,1.1157951732673268,256
1.791,0.5472617574257431,256
1.792,-0.06478186881188089,256
1.793,-0.5665996287128712,256
1.794,-0.9726949257425741,256
1.795,-1.3874922648514845,256
1.796,-1.6514542079207917,256
1.797,-1.607943997524752,256
1.798,-1.2801670792079203,256
1.799,-0.746441831683168,256
1.8,-0.13729888613861357,256
1.801,0.39352568069306976,256
1.802,0.8112237004950497,256
1.803,1.2289217202970304,256
1.804,1.5828047648514862,256
1.805,1.629215655940594,256
1.806,1.4058632425742583,256
1.807,0.9475556930693076,256
1.808,0.31810798267326745,256
1.809,-0.27073019801980125,256
1.81,-0.7261370668316831,256
1.811,-1.106126237623762,256
1.812,-1.5064201732673264,256
1.813,-1.648553527227722,256
1.814,-1.4861154084158414,256
1.815,-1.0597153465346534,256
1.816,-0.46507580445544544,256
1.817,0.1179610148514856,256
1.818,0.5849706064356442,256
1.819,0.9765625000000007,256
1.82,1.3855584777227727,256
1.821,1.6437190594059405,256
1.822,1.588606126237624,256
1.823,1.2376237623762376,256
1.824,0.7009978341584165,256
1.825,0.08025216584158444,256
1.826,-0.45347308168316774,256
1.827,-0.8624690594059403,256
1.828,-1.2685643564356432,256
1.829,-1.5934405940594054,256
1.83,-1.6340501237623755,256
1.831,-1.349783415841584,256
1.832,-0.8624690594059403,256
1.833,-0.2649288366336628,256
1.834,0.32390934405940663,256
1.835,0.7445080445544562,256
1.836,1.1477026608910894,256
1.837,1.5102877475247536,256
1.838,1.6350170173267333,256
1.839,1.4551748143564356,256
1.84,1.0171720297029707,256
1.841,0.4515392945544559,256
1.842,-0.15180228960396008,256
1.843,-0.6449180074257422,256
1.844,-1.0394105816831676,256
1.845,-1.436803836633663,256
1.846,-1.6427521658415836,256
1.847,-1.5615331064356428,256
1.848,-1.184444616336633,256
1.849,-0.618811881188118,256
1.85,0.001933787128713311,256
1.851,0.5153542698019804,256
1.852,0.9098468440594065,256
1.853,1.330445544554456,256
1.854,1.6118115717821795,256
1.855,1.60601021039604,256
1.856,1.342048267326733,256
1.857,0.8373298267326739,256
1.858,0.24559096534653482,256
1.859,-0.3432472153465339,256
1.86,-0.77834931930693,256
1.861,-1.1670405321782176,256
1.862,-1.541228341584158,256
1.863,-1.636950804455445,256
1.864,-1.4077970297029703,256
1.865,-0.955290841584158,256
1.866,-0.36935334158415817,256
1.867,0.2020807549504952,256
1.868,0.6690903465346539,256
1.869,1.0577815594059408,256
1.87,1.4754795792079214,256
1.871,1.6408183787128725,256
1.872,1.5305925123762378,256
1.873,1.1360999381188126,256
1.874,0.5704672029702977,256
1.875,-0.03577506188118783,256
1.876,-0.549195544554455,256
1.877,-0.914681311881188,256
1.878,-1.3468827351485144,256
1.879,-1.6137453589108905,256
1.88,-1.578937190594059,256
1.881,-1.2569616336633656,256
1.882,-0.7319384282178214,256
1.883,-0.11989480198019743,256
1.884,0.43703589108910934,256
1.885,0.8489325495049508,256
1.886,1.249226485148516,256
1.887,1.5915068069306937,256
1.888,1.6611231435643568,256
1.889,1.4261680074257426,256
1.89,0.9446550123762381,256
1.891,0.35291615099009976,256
1.892,-0.2388227103960393,256
1.893,-0.6913288985148508,256
1.894,-1.0974241955445536,256
1.895,-1.4658106435643563,256
1.896,-1.6398514851485149,256
1.897,-1.4774133663366333,256
1.898,-1.0568146658415838,256
1.899,-0.4679764851485143,256
1.9,0.10635829207920865,256
1.901,0.5878712871287132,256
1.902,1.0084699876237626,256
1.903,1.4232673267326745,256
1.904,1.6379176980198027,256
1.905,1.5799040841584169,256
1.906,1.2347230816831694,256
1.907,0.7271039603960401,256
1.908,0.11215965346534712,256
1.909,-0.44477103960395964,256
1.91,-0.8508663366336626,256
1.911,-1.2627629950495047,256
1.912,-1.5934405940594054,256
1.913,-1.6224474009900984,256
1.914,-1.3758895420792074,256
1.915,-0.8595683787128707,256
1.916,-0.23012066831683123,256
1.917,0.3355120668316836,256
1.918,0.7822168935643566,256
1.919,1.1854115099009908,256
1.92,1.559599319306931,256
1.921,1.6814279084158423,256
1.922,1.466777537128714,256
1.923,1.0258740717821788,256
1.924,0.44863861386138626,256
1.925,-0.15180228960396008,256
1.926,-0.6478186881188112,256
1.927,-1.0452119430693068,256
1.928,-1.4135983910891086,256
1.929,-1.6311494430693065,256
1.93,-1.5267249381188113,256
1.931,-1.1583384900990095,256
1.932,-0.6217125618811877,256
1.933,-0.009668935643563623,256
1.934,0.509552908415842,256
1.935,0.8982441212871288,256
1.936,1.3217435024752486,256
1.937,1.6263149752475259,256
1.938,1.6379176980198027,256
1.939,1.35365099009901,256
1.94,0.8547339108910892,256
1.941,0.23688892326732747,256
1.942,-0.32004176980198007,256
1.943,-0.766746596534653,256
1.944,-1.1728418935643559,256
1.945,-1.5238242574257423,256
1.946,-1.599241955445544,256
1.947,-1.4223004331683167,256
1.948,-0.9436881188118811,256
1.949,-0.36355198019801965,256
1.95,0.21658415841584172,256
1.951,0.709699876237624,256
1.952,1.0838876856435649,256
1.953,1.478380259900991,256
1.954,1.6495204207920797,256
1.955,1.5247911509901002,256
1.956,1.1360999381188126,256
1.957,0.5936726485148516,256
1.958,-0.041576423267326294,256
1.959,-0.5259900990099003,256
1.96,-0.9494894801980196,256
1.961,-1.3468827351485144,256
1.962,-1.6050433168316824,256
1.963,-1.5760365099009894,256
1.964,-1.2598623143564351,256
1.965,-0.7203357054455438,256
1.966,-0.11409344059405896,256
1.967,0.43993657178217893,256
1.968,0.8518332301980204,256
1.969,1.260829207920793,256
1.97,1.6147122524752475,256
1.971,1.6611231435643568,256
1.972,1.4232673267326745,256
1.973,0.9475556930693076,256
1.974,0.3210086633663371,256
1.975,-0.22721998762376167,256
1.976,-0.6710241336633658,256
1.977,-1.0858214727722768,256
1.978,-1.4542079207920786,256
1.979,-1.6253480816831682,256
1.98,-1.4629099628712867,256
1.981,-1.0481126237623757,256
1.982,-0.46507580445544544,256
1.983,0.12376237623762407,256
1.984,0.5965733292079212,256
1.985,1.0055693069306937,256
1.986,1.3971612004950495,256
1.987,1.6524211014851493,256
1.988,1.6031095297029707,256
1.989,1.260829207920793,256
1.99,0.7271039603960401,256
1.991,0.11506033415841599,256
1.992,-0.41286355198019775,256
1.993,-0.8508663366336626,256
1.994,-1.2685643564356432,256
1.995,-1.5963412747524752,256
1.996,-1.6253480816831682,256
1.997,-1.349783415841584,256
1.998,-0.8682704207920788,256
1.999,-0.2533261138613858,256
2.0,0.3210086633663371,256
2.001,0.7822168935643566,256
2.002,1.1680074257425745,256
2.003,1.5392945544554466,256
2.004,1.6727258663366336,256
2.005,1.4812809405940606,256
2.006,1.0606822400990104,256
2.007,0.47764542079207933,256
2.008,-0.12279548267326702,256
2.009,-0.5956064356435642,256
2.01,-1.0017017326732671,256
2.011,-1.3961943069306926,256
2.012,-1.6427521658415836,256
2.013,-1.541228341584158,256
2.014,-1.1873452970297025,256
2.015,-0.6333152846534646,256
2.016,-0.032874381188118224,256
2.017,0.4950495049504955,256
2.018,0.89534344059406,256
2.019,1.3188428217821793,256
2.02,1.6234142945544563,256
2.021,1.6147122524752475,256
2.022,1.3130414603960399,256
2.023,0.7996209777227727,256
2.024,0.22238551980198093,256
2.025,-0.3664526608910885,256
2.026,-0.7957534034653461,256
2.027,-1.1989480198019795,256
2.028,-1.5296256188118809,256
2.029,-1.636950804455445,256
2.03,-1.4106977103960392,256
2.031,-0.9523901608910883,256
2.032,-0.35775061881188047,256
2.033,0.23978960396039634,256
2.034,0.68649443069307,256
2.035,1.092589727722773,256
2.036,1.495784344059407,256
2.037,1.6901299504950498,256
2.038,1.5421952351485149,256
2.039,1.1680074257425745,256
2.04,0.6023746905940597,256
2.041,-0.012569616336633224,256
2.042,-0.5462948638613855,256
2.043,-0.955290841584158,256
2.044,-1.349783415841584,256
2.045,-1.6311494430693065,256
2.046,-1.6137453589108905,256
2.047,-1.2656636757425737,256
2.048,-0.7580445544554449,256
2.049,-0.1314975247524751,256
2.05,0.42833384900990124,256
2.051,0.8228264232673274,256
2.052,1.2347230816831694,256
2.053,1.588606126237624,256
2.054,1.6553217821782191,256
2.055,1.4232673267326745,256
2.056,0.9214495668316834,256
2.057,0.30650525990099053,256
2.058,-0.2504254331683162,256
2.059,-0.7145343440594054,256
2.06,-1.1090269183168313,256
2.061,-1.5064201732673264,256
2.062,-1.6427521658415836,256
2.063,-1.4774133663366333,256
2.064,-1.0800201113861383,256
2.065,-0.4853805693069304,256
2.066,0.12956373762376253,256
2.067,0.5907719678217828,256
2.068,0.9939665841584161,256
2.069,1.4232673267326745,256
2.07,1.6640238242574263,256
2.071,1.588606126237624,256
2.072,1.260829207920793,256
2.073,0.6806930693069309,256
2.074,0.08605352722772291,256
2.075,-0.43026763613861313,256
2.076,-0.8653697400990091,256
2.077,-1.2569616336633656,256
2.078,-1.5934405940594054,256
2.079,-1.636950804455445,256
2.08,-1.3439820544554448,256
2.081,-0.8566676980198019,256
2.082,-0.2504254331683162,256
2.083,0.32390934405940663,256
2.084,0.76771349009901,256
2.085,1.19121287128713,256
2.086,1.5363938737623772,256
2.087,1.666924504950496,256
2.088,1.4754795792079214,256
2.089,1.046178836633664,256
2.09,0.48344678217821857,256
2.091,-0.12859684405940552,256
2.092,-0.6217125618811877,256
2.093,-1.022006497524752,256
2.094,-1.4077970297029703,256
2.095,-1.6166460396039601,256
2.096,-1.549930383663366,256
2.097,-1.1670405321782176,256
2.098,-0.6159112004950492,256
2.099,0.007735148514851778,256
2.1,0.509552908415842,256
2.101,0.9446550123762381,256
2.102,1.3449489480198025,256
2.103,1.6553217821782191,256
2.104,1.6553217821782191,256
2.105,1.3449489480198025,256
2.106,0.8228264232673274,256
2.107,0.2078821163366344,256
2.108,-0.36065129950495006,256
2.109,-0.7986540841584157,256
2.11,-1.201848700495049,256
2.111,-1.541228341584158,256
2.112,-1.6137453589108905,256
2.113,-1.4077970297029703,256
2.114,-0.9494894801980196,256
2.115,-0.3432472153465339,256
2.116,0.23108756188118826,256
2.117,0.7038985148514855,256
2.118,1.092589727722773,256
2.119,1.489982982673268,256
2.12,1.6698251856435655,256
2.121,1.5421952351485149,256
2.122,1.1302985767326734,256
2.123,0.5414603960396046,256
2.124,-0.0386757425742567,256
2.125,-0.5549969059405935,256
2.126,-0.963992883663366,256
2.127,-1.3642868193069306,256
2.128,-1.6224474009900984,256
2.129,-1.5644337871287126,256
2.13,-1.2366568688118806,256
2.131,-0.7087329826732669,256
2.132,-0.11119275990098937,256
2.133,0.44573793316831745,256
2.134,0.8605352722772285,256
2.135,1.260829207920793,256
2.136,1.5915068069306937,256
2.137,1.6582224628712872,256
2.138,1.4145652846534658,256
2.139,0.9301516089108914,256
2.14,0.3297107054455451,256
2.141,-0.24752475247524736,256
2.142,-0.7145343440594054,256
2.143,-1.103225556930693,256
2.144,-1.4919167698019797,256
2.145,-1.648553527227722,256
2.146,-1.4774133663366333,256
2.147,-1.0684173886138606,256
2.148,-0.4679764851485143,256
2.149,0.12666305693069363,256
2.15,0.6429842202970304,256
2.151,1.0316754331683173,256
2.152,1.4348700495049513,256
2.153,1.6872292698019802,256
2.154,1.6118115717821795,256
2.155,1.260829207920793,256
2.156,0.677792388613862,256
2.157,0.08605352722772291,256
2.158,-0.46507580445544544,256
2.159,-0.8740717821782172,256
2.16,-1.2859684405940586,256
2.161,-1.6021426361386135,256
2.162,-1.599241955445544,256
2.163,-1.3149752475247516,256
2.164,-0.8218595297029696,256
2.165,-0.20401454207920777,256
2.166,0.37612159653465366,256
2.167,0.7967202970297032,256
2.168,1.2144183168316838,256
2.169,1.559599319306931,256
2.17,1.6582224628712872,256
2.171,1.478380259900991,256
2.172,1.0026686262376243,256
2.173,0.44863861386138626,256
2.174,-0.14310024752475203,256
2.175,-0.6159112004950492,256
2.176,-1.0104037747524743,256
2.177,-1.4135983910891086,256
2.178,-1.6224474009900984,256
2.179,-1.4977181311881183,256
2.18,-1.1438350866336628,256
2.181,-0.5753016707920785,256
2.182,0.05414603960396098,256
2.183,0.529857673267327,256
2.184,0.9446550123762381,256
2.185,1.376856435643565,256
2.186,1.6553217821782191,256
2.187,1.6437190594059405,256
2.188,1.35365099009901,256
2.189,0.8141243811881193,256
2.19,0.2078821163366344,256
2.191,-0.3664526608910885,256
2.192,-0.8073561262376231,256
2.193,-1.1989480198019795,256
2.194,-1.5354269801980194,256
2.195,-1.6050433168316824,256
2.196,-1.390392945544554,256
2.197,-0.9175819925742569,256
2.198,-0.3287438118811874,256
2.199,0.271697091584159,256
2.2,0.7038985148514855,256
2.201,1.092589727722773,256
2.202,1.466777537128714,256
2.203,1.666924504950496,256
2.204,1.5334931930693074,256
2.205,1.1186958539603964,256
2.206,0.5704672029702977,256
2.207,-0.05898050742574243,256
2.208,-0.5520962252475246,256
2.209,-0.9494894801980196,256
2.21,-1.3468827351485144,256
2.211,-1.5934405940594054,256
2.212,-1.567334467821782,256
2.213,-1.2047493811881185,256
2.214,-0.6826268564356434,256
2.215,-0.07638459158415783,256
2.216,0.45734065594059436,256
2.217,0.8489325495049508,256
2.218,1.2840346534653468,256
2.219,1.6205136138613867,256
2.22,1.6843285891089121,256
2.221,1.4145652846534658,256
2.222,0.9330522896039611,256
2.223,0.34131342821782207,256
2.224,-0.24172339108910817,256
2.225,-0.7116336633663365,256
2.226,-1.106126237623762,256
2.227,-1.4832147277227716,256
2.228,-1.6398514851485149,256
2.229,-1.4571086014851482,256
2.23,-1.0481126237623757,256
2.231,-0.4621751237623758,256
2.232,0.12956373762376253,256
2.233,0.6139774133663374,256
2.234,0.9997679455445547,256
2.235,1.4377707301980212,256
2.236,1.6553217821782191,256
2.237,1.5566986386138615,256
2.238,1.220219678217823,256
2.239,0.6458849009900992,256
2.24,0.04834467821782252,256
2.241,-0.48247988861386076,256
2.242,-0.8653697400990091,256
2.243,-1.2830677599009896,256
2.244,-1.5963412747524752,256
2.245,-1.5905399133663358,256
2.246,-1.341081373762376,256
2.247,-0.8479656559405937,256
2.248,-0.20981590346534623,256
2.249,0.35291615099009976,256
2.25,0.7764155321782181,256
2.251,1.2086169554455446,256
2.252,1.5741027227722775,256
2.253,1.6524211014851493,256
2.254,1.4435720915841586,256
2.255,1.0055693069306937,256
2.256,0.4109297648514859,256
2.257,-0.18370977722772205,256
2.258,-0.6420173267326726,256
2.259,-1.0510133044554453,256
2.26,-1.4542079207920786,256
2.261,-1.6543548886138613,256
2.262,-1.5064201732673264,256
2.263,-1.1496364480198016,256
2.264,-0.589805074257425,256
2.265,0.004834467821782911,256
2.266,0.509552908415842,256
2.267,0.9417543316831685,256
2.268,1.3449489480198025,256
2.269,1.6176129331683171,256
2.27,1.5944074876237633,256
2.271,1.3072400990099022,256
2.272,0.7735148514851492,256
2.273,0.17017326732673327,256
2.274,-0.40126082920792006,256
2.275,-0.8247602103960392,256
2.276,-1.222153465346534,256
2.277,-1.578937190594059,256
2.278,-1.636950804455445,256
2.279,-1.4252011138613854,256
2.28,-0.9465887995049499,256
2.281,-0.3171410891089105,256
2.282,0.24269028465346595,256
2.283,0.6951964727722774,256
2.284,1.10419245049505,256
2.285,1.5131884282178218,256
2.286,1.6814279084158423,256
2.287,1.5218904702970306,256
2.288,1.124497215346535,256
2.289,0.5356590346534655,256
2.29,-0.06478186881188089,256
2.291,-0.5840037128712866,256
2.292,-0.9668935643564349,256
2.293,-1.4106977103960392,256
2.294,-1.6166460396039601,256
2.295,-1.5644337871287126,256
2.296,-1.219252784653465,256
2.297,-0.6942295792079203,256
2.298,-0.07638459158415783,256
2.299,0.46024133663366396,256
2.3,0.8605352722772285,256
2.301,1.2811339727722773,256
2.302,1.5944074876237633,256
2.303,1.6205136138613867,256
2.304,1.359452351485149,256
2.305,0.875038675742575,256
2.306,0.2891011757425744,256
2.307,-0.3084390470297024,256
2.308,-0.7319384282178214,256
2.309,-1.1264310024752469,256
2.31,-1.4977181311881183,256
2.311,-1.6398514851485149,256
2.312,-1.4426051980198018,256
2.313,-1.033609220297029,256
2.314,-0.44477103960395964,256
2.315,0.16727258663366365,256
2.316,0.6516862623762377,256
2.317,1.0316754331683173,256
2.318,1.4464727722772284,256
2.319,1.6814279084158423,256
2.32,1.5741027227722775,256
2.321,1.220219678217823,256
2.322,0.6516862623762377,256
2.323,0.06574876237623792,256
2.324,-0.4998839727722769,256
2.325,-0.8972772277227719,256
2.326,-1.3149752475247516,256
2.327,-1.619546720297029,256
2.328,-1.619546720297029,256
2.329,-1.3120745668316829,256
2.33,-0.8073561262376231,256
2.331,-0.20111386138613818,256
2.332,0.3587175123762382,256
2.333,0.8025216584158423,256
2.334,1.2173189975247534,256
2.335,1.5915068069306937,256
2.336,1.6814279084158423,256
2.337,1.4638768564356444,256
2.338,0.9939665841584161,256
2.339,0.40802908415841627,256
2.34,-0.18951113861386124,256
2.341,-0.6681234529702968,256
2.342,-1.0597153465346534,256
2.343,-1.4455058787128707,256
2.344,-1.648553527227722,256
2.345,-1.5267249381188113,256
2.346,-1.123530321782178,256
2.347,-0.5578975866336631,256
2.348,0.04254331683168332,256
2.349,0.5472617574257431,256
2.35,0.9620590965346542,256
2.351,1.3652537128712883,256
2.352,1.6321163366336637,256
2.353,1.5973081683168329,256
2.354,1.2927366955445556,256
2.355,0.7967202970297032,256
2.356,0.19627939356435672,256
2.357,-0.38965810643564314,256
2.358,-0.7957534034653461,256
2.359,-1.2366568688118806,256
2.36,-1.5470297029702962,256
2.361,-1.6050433168316824,256
2.362,-1.3787902227722773,256
2.363,-0.8943765470297023,256
2.364,-0.32004176980198007,256
2.365,0.2862004950495055,256
2.366,0.7242032797029704,256
2.367,1.1186958539603964,256
2.368,1.5160891089108914,256
2.369,1.666924504950496,256
2.37,1.5044863861386146,256
2.371,1.10419245049505,256
2.372,0.5182549504950501,256
2.373,-0.08798731435643549,256
2.374,-0.5782023514851481,256
2.375,-1.0017017326732671,256
2.376,-1.4048963490099005,256
2.377,-1.6398514851485149,256
2.378,-1.5615331064356428,256
2.379,-1.2076500618811874,256
2.38,-0.6652227722772273,256
2.381,-0.06478186881188089,256
2.382,0.4863474628712874,256
2.383,0.8866413985148519,256
2.384,1.3072400990099022,256
2.385,1.6263149752475259,256
2.386,1.6524211014851493,256
2.387,1.3710550742574261,256
2.388,0.8808400371287134,256
2.389,0.3094059405940601,256
2.39,-0.291034962871287,256
2.391,-0.7000309405940588,256
2.392,-1.1264310024752469,256
2.393,-1.509320853960396,256
2.394,-1.6224474009900984,256
2.395,-1.4223004331683167,256
2.396,-0.9900990099009894,256
2.397,-0.4157642326732666,256
2.398,0.17597462871287173,256
2.399,0.6400835396039608,256
2.4,1.06358292079208,256
2.401,1.4754795792079214,256
2.402,1.6901299504950498,256
2.403,1.5973081683168329,256
2.404,1.220219678217823,256
2.405,0.6690903465346539,256
2.406,0.04834467821782252,256
2.407,-0.4592744430693062,256
2.408,-0.9030785891089103,256
2.409,-1.320776608910891,256
2.41,-1.587639232673267,256
2.411,-1.570235148514851,256
2.412,-1.2975711633663363,256
2.413,-0.787051361386138,256
2.414,-0.18951113861386124,256
2.415,0.34131342821782207,256
2.416,0.7851175742574262,256
2.417,1.2144183168316838,256
2.418,1.5741027227722775,256
2.419,1.6466197400990104,256
2.42,1.4464727722772284,256
2.421,0.9823638613861393,256
2.422,0.3790222772277232,256
2.423,-0.1779084158415836,256
2.424,-0.6565207301980192,256
2.425,-1.0481126237623757,256
2.426,-1.4455058787128707,256
2.427,-1.6137453589108905,256
2.428,-1.5151222153465342,256
2.429,-1.1003248762376232,256
2.43,-0.537592821782178,256
2.431,0.10055693069306945,256
2.432,0.5675665222772281,256
2.433,0.9620590965346542,256
2.434,1.3855584777227727,256
2.435,1.6379176980198027,256
2.436,1.60601021039604,256
2.437,1.2695312500000002,256
2.438,0.7590114480198028,256
2.439,0.17307394801980214,256
2.44,-0.3954594678217816,256
2.441,-0.8305615717821777,256
2.442,-1.222153465346534,256
2.443,-1.5644337871287126,256
2.444,-1.6137453589108905,256
2.445,-1.3613861386138608,256
2.446,-0.8711711014851484,256
2.447,-0.29683632425742545,256
2.448,0.2687964108910894,256
2.449,0.7271039603960401,256
2.45,1.1128944925742579,256
2.451,1.489982982673268,256
2.452,1.6582224628712872,256
2.453,1.5015857054455448,256
2.454,1.1070931311881196,256
2.455,0.5414603960396046,256
2.456,-0.04737778465346476,256
2.457,-0.5549969059405935,256
2.458,-0.9581915222772276,256
2.459,-1.3671874999999996,256
2.46,-1.6282487623762372,256
2.461,-1.5557317450495043,256
2.462,-1.2134514232673261,256
2.463,-0.6855275371287123,256
2.464,-0.07348391089108895,256
2.465,0.4805461014851489,256
2.466,0.8982441212871288,256
2.467,1.2869353341584164,256
2.468,1.6176129331683171,256
2.469,1.6495204207920797,256
2.47,1.3739557549504957,256
2.471,0.8982441212871288,256
2.472,0.2978032178217825,256
2.473,-0.29683632425742545,256
2.474,-0.7116336633663365,256
2.475,-1.1148282797029698,256
2.476,-1.4948174504950493,256
2.477,-1.6282487623762372,256
2.478,-1.4426051980198018,256
2.479,-1.0133044554455441,256
2.48,-0.41286355198019775,256
2.481,0.1817759900990102,256
2.482,0.6574876237623769,256
2.483,1.0374767945544556,256
2.484,1.4580754950495052,256
2.485,1.6582224628712872,256
2.486,1.559599319306931,256
2.487,1.2260210396039606,256
2.488,0.6603883044554458,256
2.489,0.03094059405940638,256
2.49,-0.4882812499999992,256
2.491,-0.9204826732673265,256
2.492,-1.320776608910891,256
2.493,-1.6050433168316824,256
2.494,-1.5963412747524752,256
2.495,-1.3149752475247516,256
2.496,-0.8102568069306926,256
2.497,-0.19531249999999972,256
2.498,0.35581683168316863,256
2.499,0.7706141707920797,256
2.5,1.19121287128713,256
2.501,1.5508972772277236,256
2.502,1.6408183787128725,256
2.503,1.4435720915841586,256
2.504,1.0026686262376243,256
2.505,0.4312345297029709,256
2.506,-0.1750077351485147,256
2.507,-0.6449180074257422,256
2.508,-1.033609220297029,256
2.509,-1.419399752475247,256
2.51,-1.6108446782178216,256
2.511,-1.5122215346534646,256
2.512,-1.1264310024752469,256
2.513,-0.549195544554455,256
2.514,0.05124535891089139,256
2.515,0.5472617574257431,256
2.516,0.9649597772277231,256
2.517,1.3681543935643563,256
2.518,1.666924504950496,256
2.519,1.6408183787128725,256
2.52,1.3188428217821793,256
2.521,0.7996209777227727,256
2.522,0.21078279702970326,256
2.523,-0.3809560643564351,256
2.524,-0.7986540841584157,256
2.525,-1.2134514232673261,256
2.526,-1.5441290222772273,256
2.527,-1.6166460396039601,256
2.528,-1.3729888613861378,256
2.529,-0.8914758663366333,256
2.53,-0.32584313118811853,256
2.531,0.2571936881188125,256
2.532,0.6922957920792085,256
2.533,1.1215965346534662,256
2.534,1.5160891089108914,256
2.535,1.6640238242574263,256
2.536,1.5247911509901002,256
2.537,1.1273978960396045,256
2.538,0.5356590346534655,256
2.539,-0.06478186881188089,256
2.54,-0.560798267326732,256
2.541,-0.9494894801980196,256
2.542,-1.3555847772277225,256
2.543,-1.6253480816831682,256
2.544,-1.5151222153465342,256
2.545,-1.2134514232673261,256
2.546,-0.6826268564356434,256
2.547,-0.08218595297029631,256
2.548,0.44863861386138626,256
2.549,0.8518332301980204,256
2.55,1.2840346534653468,256
2.551,1.6031095297029707,256
2.552,1.6495204207920797,256
2.553,1.3942605198019815,256
2.554,0.8924427599009903,256
2.555,0.2891011757425744,256
2.556,-0.291034962871287,256
2.557,-0.7116336633663365,256
2.558,-1.1177289603960394,256
2.559,-1.5064201732673264,256
2.56,-1.619546720297029,256
2.561,-1.4455058787128707,256
2.562,-1.0394105816831676,256
2.563,-0.44187035891089077,256
2.564,0.15566986386138673,256
2.565,0.6342821782178223,256
2.566,1.0287747524752475,256
2.567,1.4145652846534658,256
2.568,1.6466197400990104,256
2.569,1.5537979579207932,256
2.57,1.2144183168316838,256
2.571,0.6371828589108912,256
2.572,0.03964263613861445,256
2.573,-0.4882812499999992,256
2.574,-0.8914758663366333,256
2.575,-1.2975711633663363,256
2.576,-1.6166460396039601,256
2.577,-1.619546720297029,256
2.578,-1.3120745668316829,256
2.579,-0.8044554455445542,256
2.58,-0.20401454207920777,256
2.581,0.3616181930693071,256
2.582,0.7648128094059412,256
2.583,1.1767094678217835,256
2.584,1.5247911509901002,256
2.585,1.629215655940594,256
2.586,1.4174659653465354,256
2.587,0.9620590965346542,256
2.588,0.3906250000000001,256
2.589,-0.1779084158415836,256
2.59,-0.6623220915841577,256
2.591,-1.0481126237623757,256
2.592,-1.4455058787128707,256
2.593,-1.6340501237623755,256
2.594,-1.5035194925742565,256
2.595,-1.1148282797029698,256
2.596,-0.549195544554455,256
2.597,0.03964263613861445,256
2.598,0.5269569925742581,256
2.599,0.93595297029703,256
2.6,1.3710550742574261,256
2.601,1.6321163366336637,256
2.602,1.6089108910891097,256
2.603,1.3014387376237628,256
2.604,0.7764155321782181,256
2.605,0.17887530940594132,256
2.606,-0.36355198019801965,256
2.607,-0.8073561262376231,256
2.608,-1.219252784653465,256
2.609,-1.5644337871287126,256
2.61,-1.6282487623762372,256
2.611,-1.3990949876237622,256
2.612,-0.9291847153465345,256
2.613,-0.3171410891089105,256
2.614,0.2687964108910894,256
2.615,0.7126005569306935,256
2.616,1.1099938118811885,256
2.617,1.507387066831684,256
2.618,1.6640238242574263,256
2.619,1.5102877475247536,256
2.62,1.0983910891089115,256
2.621,0.5443610767326735,256
2.622,-0.07638459158415783,256
2.623,-0.5782023514851481,256
2.624,-0.9668935643564349,256
2.625,-1.3671874999999996,256
2.626,-1.6224474009900984,256
2.627,-1.570235148514851,256
2.628,-1.2337561881188117,256
2.629,-0.7058323019801972,256
2.63,-0.08798731435643549,256
2.631,0.46024133663366396,256
2.632,0.875038675742575,256
2.633,1.3014387376237628,256
2.634,1.629215655940594,256
2.635,1.6524211014851493,256
2.636,1.411664603960396,256
2.637,0.8866413985148519,256
2.638,0.283299814356436,256
2.639,-0.2765315594059405,256
2.64,-0.7261370668316831,256
2.641,-1.1264310024752469,256
2.642,-1.4948174504950493,256
2.643,-1.619546720297029,256
2.644,-1.436803836633663,256
2.645,-1.0133044554455441,256
2.646,-0.4360689975247523,256
2.647,0.13246441831683212,256
2.648,0.6110767326732678,256
2.649,1.0113706683168324,256
2.65,1.4232673267326745,256
2.651,1.6524211014851493,256
2.652,1.571202042079208,256
2.653,1.2086169554455446,256
2.654,0.6748917079207923,256
2.655,0.05414603960396098,256
2.656,-0.48247988861386076,256
2.657,-0.9001779084158414,256
2.658,-1.3062732054455444,256
2.659,-1.5934405940594054,256
2.66,-1.5934405940594054,256
2.661,-1.3062732054455444,256
2.662,-0.8073561262376231,256
2.663,-0.20401454207920777,256
2.664,0.3790222772277232,256
2.665,0.7822168935643566,256
2.666,1.1970142326732676,256
2.667,1.5363938737623772,256
2.668,1.6495204207920797,256
2.669,1.4464727722772284,256
2.67,1.0026686262376243,256
2.671,0.4109297648514859,256
2.672,-0.1779084158415836,256
2.673,-0.6391166460396037,256
2.674,-1.053913985148514,256
2.675,-1.4513072400990097,256
2.676,-1.6514542079207917,256
2.677,-1.538327660891089,256
2.678,-1.123530321782178,256
2.679,-0.5520962252475246,256
2.68,0.03964263613861445,256
2.681,0.5646658415841586,256
2.682,0.9446550123762381,256
2.683,1.376856435643565,256
2.684,1.6437190594059405,256
2.685,1.6350170173267333,256
2.686,1.3159421410891095,256
2.687,0.7880182549504957,256
2.688,0.19047803217821827,256
2.689,-0.3838567450495046,256
2.69,-0.787051361386138,256
2.691,-1.2250541460396038,256
2.692,-1.549930383663366,256
2.693,-1.619546720297029,256
2.694,-1.3874922648514845,256
2.695,-0.9175819925742569,256
2.696,-0.34904857673267314,256
2.697,0.24269028465346595,256
2.698,0.6835937500000004,256
2.699,1.0983910891089115,256
